stage,n,fold_reduction_vs_universe
0_union_cCRE,1143424,1.0
1_accessible_in_target,185424,6.16653723358357
2_specific_tau>=0.9,74758,15.295005216832982
3_candidate_blocks,62736,18.22596276460087
4_size<=800bp,52622,21.729010679943748
5_shortlist,25,45736.96
